provinsi,bulan,jumlah_kunjungan_wisnus,tahun
ACEH,Januari,663437,2023
SUMATERA UTARA,Januari,2962641,2023
SUMATERA BARAT,Januari,1345098,2023
RIAU,Januari,914340,2023
JAMBI,Januari,380949,2023
SUMATERA SELATAN,Januari,870450,2023
BENGKULU,Januari,211866,2023
LAMPUNG,Januari,1149078,2023
KEP. BANGKA BELITUNG,Januari,164006,2023
KEP. RIAU,Januari,176025,2023
DKI JAKARTA,Januari,6440619,2023
JAWA BARAT,Januari,15172532,2023
JAWA TENGAH,Januari,10215465,2023
DI YOGYAKARTA,Januari,2918939,2023
JAWA TIMUR,Januari,19451002,2023
BANTEN,Januari,4325638,2023
BALI,Januari,1830882,2023
NUSA TENGGARA BARAT,Januari,774963,2023
NUSA TENGGARA TIMUR,Januari,657639,2023
KALIMANTAN BARAT,Januari,419418,2023
KALIMANTAN TENGAH,Januari,304152,2023
KALIMANTAN SELATAN,Januari,630195,2023
KALIMANTAN TIMUR,Januari,641896,2023
KALIMANTAN UTARA,Januari,35205,2023
SULAWESI UTARA,Januari,421675,2023
SULAWESI TENGAH,Januari,667588,2023
SULAWESI SELATAN,Januari,2682502,2023
SULAWESI TENGGARA,Januari,1372219,2023
GORONTALO,Januari,139879,2023
SULAWESI BARAT,Januari,423949,2023
MALUKU,Januari,66046,2023
MALUKU UTARA,Januari,118409,2023
PAPUA BARAT,Januari,47444,2023
PAPUA,Januari,94530,2023
ACEH,Februari,517850,2023
SUMATERA UTARA,Februari,1870691,2023
SUMATERA BARAT,Februari,1024017,2023
RIAU,Februari,729078,2023
JAMBI,Februari,293566,2023
SUMATERA SELATAN,Februari,714967,2023
BENGKULU,Februari,151670,2023
LAMPUNG,Februari,900023,2023
KEP. BANGKA BELITUNG,Februari,124730,2023
KEP. RIAU,Februari,153373,2023
DKI JAKARTA,Februari,5764546,2023
JAWA BARAT,Februari,12225938,2023
JAWA TENGAH,Februari,8522313,2023
DI YOGYAKARTA,Februari,2402006,2023
JAWA TIMUR,Februari,17436510,2023
BANTEN,Februari,3898615,2023
BALI,Februari,1284069,2023
NUSA TENGGARA BARAT,Februari,574848,2023
NUSA TENGGARA TIMUR,Februari,367905,2023
KALIMANTAN BARAT,Februari,321107,2023
KALIMANTAN TENGAH,Februari,241954,2023
KALIMANTAN SELATAN,Februari,481876,2023
KALIMANTAN TIMUR,Februari,579530,2023
KALIMANTAN UTARA,Februari,32471,2023
SULAWESI UTARA,Februari,329629,2023
SULAWESI TENGAH,Februari,567749,2023
SULAWESI SELATAN,Februari,2225280,2023
SULAWESI TENGGARA,Februari,1299527,2023
GORONTALO,Februari,114908,2023
SULAWESI BARAT,Februari,380529,2023
MALUKU,Februari,49253,2023
MALUKU UTARA,Februari,109334,2023
PAPUA BARAT,Februari,38921,2023
PAPUA,Februari,76336,2023
ACEH,Maret,557272,2023
SUMATERA UTARA,Maret,1852752,2023
SUMATERA BARAT,Maret,1056957,2023
RIAU,Maret,759760,2023
JAMBI,Maret,302700,2023
SUMATERA SELATAN,Maret,703181,2023
BENGKULU,Maret,154106,2023
LAMPUNG,Maret,877374,2023
KEP. BANGKA BELITUNG,Maret,139812,2023
KEP. RIAU,Maret,162989,2023
DKI JAKARTA,Maret,5102411,2023
JAWA BARAT,Maret,11090133,2023
JAWA TENGAH,Maret,10463721,2023
DI YOGYAKARTA,Maret,2321441,2023
JAWA TIMUR,Maret,17708068,2023
BANTEN,Maret,3333376,2023
BALI,Maret,1278466,2023
NUSA TENGGARA BARAT,Maret,525034,2023
NUSA TENGGARA TIMUR,Maret,269024,2023
KALIMANTAN BARAT,Maret,306368,2023
KALIMANTAN TENGAH,Maret,245960,2023
KALIMANTAN SELATAN,Maret,477294,2023
KALIMANTAN TIMUR,Maret,580672,2023
KALIMANTAN UTARA,Maret,39504,2023
SULAWESI UTARA,Maret,358498,2023
SULAWESI TENGAH,Maret,695711,2023
SULAWESI SELATAN,Maret,2455952,2023
SULAWESI TENGGARA,Maret,1389727,2023
GORONTALO,Maret,132863,2023
SULAWESI BARAT,Maret,425711,2023
MALUKU,Maret,55659,2023
MALUKU UTARA,Maret,136684,2023
PAPUA BARAT,Maret,40975,2023
PAPUA,Maret,87194,2023
ACEH,April,756915,2023
SUMATERA UTARA,April,2673955,2023
SUMATERA BARAT,April,1373374,2023
RIAU,April,935938,2023
JAMBI,April,414742,2023
SUMATERA SELATAN,April,1010231,2023
BENGKULU,April,248057,2023
LAMPUNG,April,1429885,2023
KEP. BANGKA BELITUNG,April,185529,2023
KEP. RIAU,April,162775,2023
DKI JAKARTA,April,3818359,2023
JAWA BARAT,April,11964676,2023
JAWA TENGAH,April,11700414,2023
DI YOGYAKARTA,April,2291965,2023
JAWA TIMUR,April,19450106,2023
BANTEN,April,2979960,2023
BALI,April,1616487,2023
NUSA TENGGARA BARAT,April,609687,2023
NUSA TENGGARA TIMUR,April,291353,2023
KALIMANTAN BARAT,April,390690,2023
KALIMANTAN TENGAH,April,275200,2023
KALIMANTAN SELATAN,April,578791,2023
KALIMANTAN TIMUR,April,580561,2023
KALIMANTAN UTARA,April,37128,2023
SULAWESI UTARA,April,468296,2023
SULAWESI TENGAH,April,702310,2023
SULAWESI SELATAN,April,2503880,2023
SULAWESI TENGGARA,April,1281173,2023
GORONTALO,April,164216,2023
SULAWESI BARAT,April,399963,2023
MALUKU,April,62401,2023
MALUKU UTARA,April,142086,2023
PAPUA BARAT,April,39759,2023
PAPUA,April,87917,2023
ACEH,Mei,791968,2023
SUMATERA UTARA,Mei,2556839,2023
SUMATERA BARAT,Mei,1538507,2023
RIAU,Mei,977332,2023
JAMBI,Mei,421741,2023
SUMATERA SELATAN,Mei,1021583,2023
BENGKULU,Mei,241660,2023
LAMPUNG,Mei,1376686,2023
KEP. BANGKA BELITUNG,Mei,209111,2023
KEP. RIAU,Mei,200190,2023
DKI JAKARTA,Mei,4205052,2023
JAWA BARAT,Mei,12614837,2023
JAWA TENGAH,Mei,11879262,2023
DI YOGYAKARTA,Mei,3122919,2023
JAWA TIMUR,Mei,22309466,2023
BANTEN,Mei,3255453,2023
BALI,Mei,1619283,2023
NUSA TENGGARA BARAT,Mei,1025070,2023
NUSA TENGGARA TIMUR,Mei,344325,2023
KALIMANTAN BARAT,Mei,404409,2023
KALIMANTAN TENGAH,Mei,299372,2023
KALIMANTAN SELATAN,Mei,589759,2023
KALIMANTAN TIMUR,Mei,643021,2023
KALIMANTAN UTARA,Mei,46157,2023
SULAWESI UTARA,Mei,460407,2023
SULAWESI TENGAH,Mei,716311,2023
SULAWESI SELATAN,Mei,2472401,2023
SULAWESI TENGGARA,Mei,1294740,2023
GORONTALO,Mei,162712,2023
SULAWESI BARAT,Mei,406264,2023
MALUKU,Mei,75390,2023
MALUKU UTARA,Mei,148300,2023
PAPUA BARAT,Mei,49782,2023
PAPUA,Mei,100494,2023
ACEH,Juni,701963,2023
SUMATERA UTARA,Juni,2416258,2023
SUMATERA BARAT,Juni,1407632,2023
RIAU,Juni,1016640,2023
JAMBI,Juni,424987,2023
SUMATERA SELATAN,Juni,968252,2023
BENGKULU,Juni,225886,2023
LAMPUNG,Juni,1208281,2023
KEP. BANGKA BELITUNG,Juni,218299,2023
KEP. RIAU,Juni,230629,2023
DKI JAKARTA,Juni,4741778,2023
JAWA BARAT,Juni,12392325,2023
JAWA TENGAH,Juni,10317259,2023
DI YOGYAKARTA,Juni,3060366,2023
JAWA TIMUR,Juni,20347494,2023
BANTEN,Juni,3021918,2023
BALI,Juni,2090327,2023
NUSA TENGGARA BARAT,Juni,1628775,2023
NUSA TENGGARA TIMUR,Juni,501565,2023
KALIMANTAN BARAT,Juni,407707,2023
KALIMANTAN TENGAH,Juni,340119,2023
KALIMANTAN SELATAN,Juni,630115,2023
KALIMANTAN TIMUR,Juni,695994,2023
KALIMANTAN UTARA,Juni,54764,2023
SULAWESI UTARA,Juni,480374,2023
SULAWESI TENGAH,Juni,465410,2023
SULAWESI SELATAN,Juni,1983399,2023
SULAWESI TENGGARA,Juni,899696,2023
GORONTALO,Juni,154749,2023
SULAWESI BARAT,Juni,297134,2023
MALUKU,Juni,85195,2023
MALUKU UTARA,Juni,162908,2023
PAPUA BARAT,Juni,62022,2023
PAPUA,Juni,133566,2023
ACEH,Juli,871519,2023
SUMATERA UTARA,Juli,2462212,2023
SUMATERA BARAT,Juli,1413899,2023
RIAU,Juli,1048542,2023
JAMBI,Juli,433896,2023
SUMATERA SELATAN,Juli,1013893,2023
BENGKULU,Juli,241961,2023
LAMPUNG,Juli,1293197,2023
KEP. BANGKA BELITUNG,Juli,234099,2023
KEP. RIAU,Juli,211471,2023
DKI JAKARTA,Juli,4765407,2023
JAWA BARAT,Juli,14209134,2023
JAWA TENGAH,Juli,10496595,2023
DI YOGYAKARTA,Juli,2864007,2023
JAWA TIMUR,Juli,17427521,2023
BANTEN,Juli,3606807,2023
BALI,Juli,1955513,2023
NUSA TENGGARA BARAT,Juli,1718321,2023
NUSA TENGGARA TIMUR,Juli,494235,2023
KALIMANTAN BARAT,Juli,407292,2023
KALIMANTAN TENGAH,Juli,337424,2023
KALIMANTAN SELATAN,Juli,673975,2023
KALIMANTAN TIMUR,Juli,663800,2023
KALIMANTAN UTARA,Juli,52221,2023
SULAWESI UTARA,Juli,492400,2023
SULAWESI TENGAH,Juli,377459,2023
SULAWESI SELATAN,Juli,2212555,2023
SULAWESI TENGGARA,Juli,838914,2023
GORONTALO,Juli,156871,2023
SULAWESI BARAT,Juli,294755,2023
MALUKU,Juli,77652,2023
MALUKU UTARA,Juli,157597,2023
PAPUA BARAT,Juli,58569,2023
PAPUA,Juli,123085,2023
ACEH,Agustus,618671,2023
SUMATERA UTARA,Agustus,1889717,2023
SUMATERA BARAT,Agustus,1072952,2023
RIAU,Agustus,893939,2023
JAMBI,Agustus,375376,2023
SUMATERA SELATAN,Agustus,867202,2023
BENGKULU,Agustus,199228,2023
LAMPUNG,Agustus,997673,2023
KEP. BANGKA BELITUNG,Agustus,206938,2023
KEP. RIAU,Agustus,180206,2023
DKI JAKARTA,Agustus,4460100,2023
JAWA BARAT,Agustus,11285737,2023
JAWA TENGAH,Agustus,8130358,2023
DI YOGYAKARTA,Agustus,2059153,2023
JAWA TIMUR,Agustus,13539565,2023
BANTEN,Agustus,3255128,2023
BALI,Agustus,1751039,2023
NUSA TENGGARA BARAT,Agustus,1406166,2023
NUSA TENGGARA TIMUR,Agustus,348069,2023
KALIMANTAN BARAT,Agustus,327538,2023
KALIMANTAN TENGAH,Agustus,334553,2023
KALIMANTAN SELATAN,Agustus,520794,2023
KALIMANTAN TIMUR,Agustus,620068,2023
KALIMANTAN UTARA,Agustus,51470,2023
SULAWESI UTARA,Agustus,422694,2023
SULAWESI TENGAH,Agustus,302353,2023
SULAWESI SELATAN,Agustus,1397173,2023
SULAWESI TENGGARA,Agustus,480612,2023
GORONTALO,Agustus,134793,2023
SULAWESI BARAT,Agustus,157794,2023
MALUKU,Agustus,78196,2023
MALUKU UTARA,Agustus,144689,2023
PAPUA BARAT,Agustus,53329,2023
PAPUA,Agustus,114107,2023
ACEH,September,565184,2023
SUMATERA UTARA,September,1847654,2023
SUMATERA BARAT,September,1083013,2023
RIAU,September,866457,2023
JAMBI,September,368132,2023
SUMATERA SELATAN,September,867562,2023
BENGKULU,September,204566,2023
LAMPUNG,September,1030417,2023
KEP. BANGKA BELITUNG,September,188694,2023
KEP. RIAU,September,179288,2023
DKI JAKARTA,September,5547181,2023
JAWA BARAT,September,12562445,2023
JAWA TENGAH,September,8200960,2023
DI YOGYAKARTA,September,2117509,2023
JAWA TIMUR,September,12654730,2023
BANTEN,September,3929704,2023
BALI,September,1747551,2023
NUSA TENGGARA BARAT,September,1254525,2023
NUSA TENGGARA TIMUR,September,339774,2023
KALIMANTAN BARAT,September,295721,2023
KALIMANTAN TENGAH,September,277704,2023
KALIMANTAN SELATAN,September,517769,2023
KALIMANTAN TIMUR,September,597562,2023
KALIMANTAN UTARA,September,44774,2023
SULAWESI UTARA,September,440086,2023
SULAWESI TENGAH,September,251645,2023
SULAWESI SELATAN,September,1188982,2023
SULAWESI TENGGARA,September,376071,2023
GORONTALO,September,139730,2023
SULAWESI BARAT,September,110449,2023
MALUKU,September,69657,2023
MALUKU UTARA,September,135130,2023
PAPUA BARAT,September,46999,2023
PAPUA,September,107044,2023
ACEH,Oktober,588020,2023
SUMATERA UTARA,Oktober,1958158,2023
SUMATERA BARAT,Oktober,1121805,2023
RIAU,Oktober,908253,2023
JAMBI,Oktober,386128,2023
SUMATERA SELATAN,Oktober,858520,2023
BENGKULU,Oktober,209482,2023
LAMPUNG,Oktober,1058924,2023
KEP. BANGKA BELITUNG,Oktober,173431,2023
KEP. RIAU,Oktober,186323,2023
DKI JAKARTA,Oktober,5538389,2023
JAWA BARAT,Oktober,12937519,2023
JAWA TENGAH,Oktober,8442719,2023
DI YOGYAKARTA,Oktober,2313657,2023
JAWA TIMUR,Oktober,13820919,2023
BANTEN,Oktober,4048337,2023
BALI,Oktober,1874460,2023
NUSA TENGGARA BARAT,Oktober,1326692,2023
NUSA TENGGARA TIMUR,Oktober,345529,2023
KALIMANTAN BARAT,Oktober,312246,2023
KALIMANTAN TENGAH,Oktober,276691,2023
KALIMANTAN SELATAN,Oktober,542022,2023
KALIMANTAN TIMUR,Oktober,560799,2023
KALIMANTAN UTARA,Oktober,51068,2023
SULAWESI UTARA,Oktober,427074,2023
SULAWESI TENGAH,Oktober,264313,2023
SULAWESI SELATAN,Oktober,1177955,2023
SULAWESI TENGGARA,Oktober,365686,2023
GORONTALO,Oktober,131858,2023
SULAWESI BARAT,Oktober,111448,2023
MALUKU,Oktober,79054,2023
MALUKU UTARA,Oktober,126786,2023
PAPUA BARAT,Oktober,53875,2023
PAPUA,Oktober,119299,2023
ACEH,November,637519,2023
SUMATERA UTARA,November,1870337,2023
SUMATERA BARAT,November,904282,2023
RIAU,November,762348,2023
JAMBI,November,371185,2023
SUMATERA SELATAN,November,725317,2023
BENGKULU,November,187859,2023
LAMPUNG,November,894880,2023
KEP. BANGKA BELITUNG,November,137343,2023
KEP. RIAU,November,166685,2023
DKI JAKARTA,November,5724711,2023
JAWA BARAT,November,12661993,2023
JAWA TENGAH,November,8162360,2023
DI YOGYAKARTA,November,2255890,2023
JAWA TIMUR,November,12965607,2023
BANTEN,November,3940520,2023
BALI,November,1777605,2023
NUSA TENGGARA BARAT,November,1287287,2023
NUSA TENGGARA TIMUR,November,335297,2023
KALIMANTAN BARAT,November,356052,2023
KALIMANTAN TENGAH,November,222334,2023
KALIMANTAN SELATAN,November,445758,2023
KALIMANTAN TIMUR,November,564435,2023
KALIMANTAN UTARA,November,42636,2023
SULAWESI UTARA,November,390052,2023
SULAWESI TENGAH,November,284303,2023
SULAWESI SELATAN,November,1233382,2023
SULAWESI TENGGARA,November,386244,2023
GORONTALO,November,125945,2023
SULAWESI BARAT,November,126041,2023
MALUKU,November,78630,2023
MALUKU UTARA,November,123916,2023
PAPUA BARAT,November,57701,2023
PAPUA,November,125457,2023
ACEH,Januari,526417,2022
SUMATERA UTARA,Januari,2022964,2022
SUMATERA BARAT,Januari,926043,2022
RIAU,Januari,636543,2022
JAMBI,Januari,302504,2022
SUMATERA SELATAN,Januari,650971,2022
BENGKULU,Januari,180768,2022
LAMPUNG,Januari,878496,2022
KEP. BANGKA BELITUNG,Januari,122602,2022
KEP. RIAU,Januari,93349,2022
DKI JAKARTA,Januari,3619251,2022
JAWA BARAT,Januari,9395919,2022
JAWA TENGAH,Januari,14173348,2022
DI YOGYAKARTA,Januari,2796450,2022
JAWA TIMUR,Januari,19124849,2022
BANTEN,Januari,2477846,2022
BALI,Januari,991643,2022
NUSA TENGGARA BARAT,Januari,264251,2022
NUSA TENGGARA TIMUR,Januari,498022,2022
KALIMANTAN BARAT,Januari,270324,2022
KALIMANTAN TENGAH,Januari,196995,2022
KALIMANTAN SELATAN,Januari,401029,2022
KALIMANTAN TIMUR,Januari,310053,2022
KALIMANTAN UTARA,Januari,26920,2022
SULAWESI UTARA,Januari,327133,2022
SULAWESI TENGAH,Januari,195589,2022
SULAWESI SELATAN,Januari,930906,2022
SULAWESI TENGGARA,Januari,243982,2022
GORONTALO,Januari,104369,2022
SULAWESI BARAT,Januari,86174,2022
MALUKU,Januari,41334,2022
MALUKU UTARA,Januari,60617,2022
PAPUA BARAT,Januari,35776,2022
PAPUA,Januari,71001,2022
ACEH,Februari,501651,2022
SUMATERA UTARA,Februari,1636066,2022
SUMATERA BARAT,Februari,814741,2022
RIAU,Februari,581783,2022
JAMBI,Februari,255285,2022
SUMATERA SELATAN,Februari,538004,2022
BENGKULU,Februari,137886,2022
LAMPUNG,Februari,694763,2022
KEP. BANGKA BELITUNG,Februari,99338,2022
KEP. RIAU,Februari,75268,2022
DKI JAKARTA,Februari,2756201,2022
JAWA BARAT,Februari,7153882,2022
JAWA TENGAH,Februari,13040775,2022
DI YOGYAKARTA,Februari,2361262,2022
JAWA TIMUR,Februari,19184354,2022
BANTEN,Februari,1976399,2022
BALI,Februari,746026,2022
NUSA TENGGARA BARAT,Februari,233313,2022
NUSA TENGGARA TIMUR,Februari,279400,2022
KALIMANTAN BARAT,Februari,235449,2022
KALIMANTAN TENGAH,Februari,175867,2022
KALIMANTAN SELATAN,Februari,352761,2022
KALIMANTAN TIMUR,Februari,256145,2022
KALIMANTAN UTARA,Februari,23240,2022
SULAWESI UTARA,Februari,260815,2022
SULAWESI TENGAH,Februari,173663,2022
SULAWESI SELATAN,Februari,803391,2022
SULAWESI TENGGARA,Februari,220654,2022
GORONTALO,Februari,88530,2022
SULAWESI BARAT,Februari,83763,2022
MALUKU,Februari,35725,2022
MALUKU UTARA,Februari,55228,2022
PAPUA BARAT,Februari,30984,2022
PAPUA,Februari,63721,2022
ACEH,Maret,585675,2022
SUMATERA UTARA,Maret,1846809,2022
SUMATERA BARAT,Maret,1007630,2022
RIAU,Maret,673534,2022
JAMBI,Maret,313009,2022
SUMATERA SELATAN,Maret,691513,2022
BENGKULU,Maret,172874,2022
LAMPUNG,Maret,866807,2022
KEP. BANGKA BELITUNG,Maret,142414,2022
KEP. RIAU,Maret,105778,2022
DKI JAKARTA,Maret,4586681,2022
JAWA BARAT,Maret,10560424,2022
JAWA TENGAH,Maret,15805048,2022
DI YOGYAKARTA,Maret,2570708,2022
JAWA TIMUR,Maret,27190607,2022
BANTEN,Maret,3158598,2022
BALI,Maret,1216580,2022
NUSA TENGGARA BARAT,Maret,441171,2022
NUSA TENGGARA TIMUR,Maret,440468,2022
KALIMANTAN BARAT,Maret,250992,2022
KALIMANTAN TENGAH,Maret,210680,2022
KALIMANTAN SELATAN,Maret,429164,2022
KALIMANTAN TIMUR,Maret,332387,2022
KALIMANTAN UTARA,Maret,28683,2022
SULAWESI UTARA,Maret,347157,2022
SULAWESI TENGAH,Maret,609507,2022
SULAWESI SELATAN,Maret,3267252,2022
SULAWESI TENGGARA,Maret,1495127,2022
GORONTALO,Maret,151616,2022
SULAWESI BARAT,Maret,425016,2022
MALUKU,Maret,49734,2022
MALUKU UTARA,Maret,141231,2022
PAPUA BARAT,Maret,37297,2022
PAPUA,Maret,76243,2022
ACEH,April,434633,2022
SUMATERA UTARA,April,1658463,2022
SUMATERA BARAT,April,838560,2022
RIAU,April,597000,2022
JAMBI,April,310853,2022
SUMATERA SELATAN,April,725485,2022
BENGKULU,April,160737,2022
LAMPUNG,April,934561,2022
KEP. BANGKA BELITUNG,April,125002,2022
KEP. RIAU,April,104207,2022
DKI JAKARTA,April,3999014,2022
JAWA BARAT,April,7649342,2022
JAWA TENGAH,April,6012461,2022
DI YOGYAKARTA,April,1161028,2022
JAWA TIMUR,April,12078225,2022
BANTEN,April,2469664,2022
BALI,April,1015904,2022
NUSA TENGGARA BARAT,April,266829,2022
NUSA TENGGARA TIMUR,April,222175,2022
KALIMANTAN BARAT,April,230254,2022
KALIMANTAN TENGAH,April,204164,2022
KALIMANTAN SELATAN,April,325854,2022
KALIMANTAN TIMUR,April,306368,2022
KALIMANTAN UTARA,April,26925,2022
SULAWESI UTARA,April,349618,2022
SULAWESI TENGAH,April,691868,2022
SULAWESI SELATAN,April,3768595,2022
SULAWESI TENGGARA,April,1585129,2022
GORONTALO,April,140420,2022
SULAWESI BARAT,April,516032,2022
MALUKU,April,57885,2022
MALUKU UTARA,April,152337,2022
PAPUA BARAT,April,34020,2022
PAPUA,April,69361,2022
ACEH,Mei,935025,2022
SUMATERA UTARA,Mei,2896949,2022
SUMATERA BARAT,Mei,1655583,2022
RIAU,Mei,897026,2022
JAMBI,Mei,449078,2022
SUMATERA SELATAN,Mei,970391,2022
BENGKULU,Mei,293433,2022
LAMPUNG,Mei,1412731,2022
KEP. BANGKA BELITUNG,Mei,183098,2022
KEP. RIAU,Mei,138874,2022
DKI JAKARTA,Mei,5358565,2022
JAWA BARAT,Mei,14288645,2022
JAWA TENGAH,Mei,10124919,2022
DI YOGYAKARTA,Mei,2758594,2022
JAWA TIMUR,Mei,19934247,2022
BANTEN,Mei,4021101,2022
BALI,Mei,1368766,2022
NUSA TENGGARA BARAT,Mei,431606,2022
NUSA TENGGARA TIMUR,Mei,281871,2022
KALIMANTAN BARAT,Mei,365089,2022
KALIMANTAN TENGAH,Mei,255832,2022
KALIMANTAN SELATAN,Mei,620601,2022
KALIMANTAN TIMUR,Mei,483121,2022
KALIMANTAN UTARA,Mei,30226,2022
SULAWESI UTARA,Mei,503507,2022
SULAWESI TENGAH,Mei,817447,2022
SULAWESI SELATAN,Mei,4619651,2022
SULAWESI TENGGARA,Mei,1592211,2022
GORONTALO,Mei,189314,2022
SULAWESI BARAT,Mei,611768,2022
MALUKU,Mei,56722,2022
MALUKU UTARA,Mei,166862,2022
PAPUA BARAT,Mei,38551,2022
PAPUA,Mei,77379,2022
ACEH,Juni,566361,2022
SUMATERA UTARA,Juni,1987624,2022
SUMATERA BARAT,Juni,988346,2022
RIAU,Juni,692293,2022
JAMBI,Juni,316554,2022
SUMATERA SELATAN,Juni,679215,2022
BENGKULU,Juni,173024,2022
LAMPUNG,Juni,866263,2022
KEP. BANGKA BELITUNG,Juni,135070,2022
KEP. RIAU,Juni,147934,2022
DKI JAKARTA,Juni,5251021,2022
JAWA BARAT,Juni,10403291,2022
JAWA TENGAH,Juni,6985364,2022
DI YOGYAKARTA,Juni,2141729,2022
JAWA TIMUR,Juni,14691026,2022
BANTEN,Juni,3150313,2022
BALI,Juni,1374366,2022
NUSA TENGGARA BARAT,Juni,347975,2022
NUSA TENGGARA TIMUR,Juni,283506,2022
KALIMANTAN BARAT,Juni,271558,2022
KALIMANTAN TENGAH,Juni,220878,2022
KALIMANTAN SELATAN,Juni,432460,2022
KALIMANTAN TIMUR,Juni,454319,2022
KALIMANTAN UTARA,Juni,30204,2022
SULAWESI UTARA,Juni,394131,2022
SULAWESI TENGAH,Juni,597158,2022
SULAWESI SELATAN,Juni,2492319,2022
SULAWESI TENGGARA,Juni,1050720,2022
GORONTALO,Juni,130595,2022
SULAWESI BARAT,Juni,409575,2022
MALUKU,Juni,51382,2022
MALUKU UTARA,Juni,140421,2022
PAPUA BARAT,Juni,39956,2022
PAPUA,Juni,81989,2022
ACEH,Juli,748573,2022
SUMATERA UTARA,Juli,2216932,2022
SUMATERA BARAT,Juli,1176922,2022
RIAU,Juli,795698,2022
JAMBI,Juli,364514,2022
SUMATERA SELATAN,Juli,834754,2022
BENGKULU,Juli,203448,2022
LAMPUNG,Juli,1043996,2022
KEP. BANGKA BELITUNG,Juli,146618,2022
KEP. RIAU,Juli,149456,2022
DKI JAKARTA,Juli,4623932,2022
JAWA BARAT,Juli,11576829,2022
JAWA TENGAH,Juli,7996200,2022
DI YOGYAKARTA,Juli,2197650,2022
JAWA TIMUR,Juli,16068542,2022
BANTEN,Juli,3451864,2022
BALI,Juli,1288444,2022
NUSA TENGGARA BARAT,Juli,351214,2022
NUSA TENGGARA TIMUR,Juli,309202,2022
KALIMANTAN BARAT,Juli,315667,2022
KALIMANTAN TENGAH,Juli,257012,2022
KALIMANTAN SELATAN,Juli,529472,2022
KALIMANTAN TIMUR,Juli,573460,2022
KALIMANTAN UTARA,Juli,32132,2022
SULAWESI UTARA,Juli,436556,2022
SULAWESI TENGAH,Juli,646673,2022
SULAWESI SELATAN,Juli,2732814,2022
SULAWESI TENGGARA,Juli,1231851,2022
GORONTALO,Juli,140784,2022
SULAWESI BARAT,Juli,442861,2022
MALUKU,Juli,48932,2022
MALUKU UTARA,Juli,157797,2022
PAPUA BARAT,Juli,39706,2022
PAPUA,Juli,86039,2022
ACEH,Agustus,531072,2022
SUMATERA UTARA,Agustus,1678953,2022
SUMATERA BARAT,Agustus,905311,2022
RIAU,Agustus,662795,2022
JAMBI,Agustus,285681,2022
SUMATERA SELATAN,Agustus,659155,2022
BENGKULU,Agustus,158883,2022
LAMPUNG,Agustus,772720,2022
KEP. BANGKA BELITUNG,Agustus,117743,2022
KEP. RIAU,Agustus,123680,2022
DKI JAKARTA,Agustus,4521438,2022
JAWA BARAT,Agustus,9433636,2022
JAWA TENGAH,Agustus,6551001,2022
DI YOGYAKARTA,Agustus,1703347,2022
JAWA TIMUR,Agustus,13235419,2022
BANTEN,Agustus,3312882,2022
BALI,Agustus,1152090,2022
NUSA TENGGARA BARAT,Agustus,288102,2022
NUSA TENGGARA TIMUR,Agustus,252218,2022
KALIMANTAN BARAT,Agustus,258920,2022
KALIMANTAN TENGAH,Agustus,223441,2022
KALIMANTAN SELATAN,Agustus,422558,2022
KALIMANTAN TIMUR,Agustus,521964,2022
KALIMANTAN UTARA,Agustus,29288,2022
SULAWESI UTARA,Agustus,352431,2022
SULAWESI TENGAH,Agustus,532060,2022
SULAWESI SELATAN,Agustus,2136650,2022
SULAWESI TENGGARA,Agustus,1097809,2022
GORONTALO,Agustus,113456,2022
SULAWESI BARAT,Agustus,373165,2022
MALUKU,Agustus,46979,2022
MALUKU UTARA,Agustus,135693,2022
PAPUA BARAT,Agustus,40948,2022
PAPUA,Agustus,84147,2022
ACEH,September,500673,2022
SUMATERA UTARA,September,1664991,2022
SUMATERA BARAT,September,891560,2022
RIAU,September,677309,2022
JAMBI,September,280278,2022
SUMATERA SELATAN,September,668784,2022
BENGKULU,September,159439,2022
LAMPUNG,September,833337,2022
KEP. BANGKA BELITUNG,September,120832,2022
KEP. RIAU,September,123914,2022
DKI JAKARTA,September,5423854,2022
JAWA BARAT,September,9923223,2022
JAWA TENGAH,September,7168810,2022
DI YOGYAKARTA,September,1798014,2022
JAWA TIMUR,September,12461460,2022
BANTEN,September,3701537,2022
BALI,September,1125727,2022
NUSA TENGGARA BARAT,September,286740,2022
NUSA TENGGARA TIMUR,September,249094,2022
KALIMANTAN BARAT,September,239591,2022
KALIMANTAN TENGAH,September,217319,2022
KALIMANTAN SELATAN,September,399050,2022
KALIMANTAN TIMUR,September,507079,2022
KALIMANTAN UTARA,September,27807,2022
SULAWESI UTARA,September,360004,2022
SULAWESI TENGAH,September,515189,2022
SULAWESI SELATAN,September,1803376,2022
SULAWESI TENGGARA,September,1044426,2022
GORONTALO,September,109350,2022
SULAWESI BARAT,September,318147,2022
MALUKU,September,52568,2022
MALUKU UTARA,September,132686,2022
PAPUA BARAT,September,39159,2022
PAPUA,September,78700,2022
ACEH,Oktober,513056,2022
SUMATERA UTARA,Oktober,1785747,2022
SUMATERA BARAT,Oktober,949081,2022
RIAU,Oktober,692329,2022
JAMBI,Oktober,289153,2022
SUMATERA SELATAN,Oktober,665454,2022
BENGKULU,Oktober,154957,2022
LAMPUNG,Oktober,834108,2022
KEP. BANGKA BELITUNG,Oktober,126635,2022
KEP. RIAU,Oktober,132432,2022
DKI JAKARTA,Oktober,5504491,2022
JAWA BARAT,Oktober,11162878,2022
JAWA TENGAH,Oktober,7918510,2022
DI YOGYAKARTA,Oktober,2078100,2022
JAWA TIMUR,Oktober,15437648,2022
BANTEN,Oktober,4003986,2022
BALI,Oktober,1172441,2022
NUSA TENGGARA BARAT,Oktober,276772,2022
NUSA TENGGARA TIMUR,Oktober,245510,2022
KALIMANTAN BARAT,Oktober,260901,2022
KALIMANTAN TENGAH,Oktober,230067,2022
KALIMANTAN SELATAN,Oktober,449173,2022
KALIMANTAN TIMUR,Oktober,533691,2022
KALIMANTAN UTARA,Oktober,30041,2022
SULAWESI UTARA,Oktober,365860,2022
SULAWESI TENGAH,Oktober,543272,2022
SULAWESI SELATAN,Oktober,1922182,2022
SULAWESI TENGGARA,Oktober,1056378,2022
GORONTALO,Oktober,100365,2022
SULAWESI BARAT,Oktober,311722,2022
MALUKU,Oktober,52357,2022
MALUKU UTARA,Oktober,119219,2022
PAPUA BARAT,Oktober,40627,2022
PAPUA,Oktober,81068,2022
ACEH,November,471520,2022
SUMATERA UTARA,November,1525633,2022
SUMATERA BARAT,November,877671,2022
RIAU,November,640199,2022
JAMBI,November,262087,2022
SUMATERA SELATAN,November,603787,2022
BENGKULU,November,133058,2022
LAMPUNG,November,762778,2022
KEP. BANGKA BELITUNG,November,115001,2022
KEP. RIAU,November,131230,2022
DKI JAKARTA,November,4757430,2022
JAWA BARAT,November,9886282,2022
JAWA TENGAH,November,6403951,2022
DI YOGYAKARTA,November,1679978,2022
JAWA TIMUR,November,14709379,2022
BANTEN,November,3234134,2022
BALI,November,1118730,2022
NUSA TENGGARA BARAT,November,324132,2022
NUSA TENGGARA TIMUR,November,290876,2022
KALIMANTAN BARAT,November,235452,2022
KALIMANTAN TENGAH,November,209125,2022
KALIMANTAN SELATAN,November,416227,2022
KALIMANTAN TIMUR,November,514833,2022
KALIMANTAN UTARA,November,29600,2022
SULAWESI UTARA,November,322748,2022
SULAWESI TENGAH,November,555548,2022
SULAWESI SELATAN,November,1834305,2022
SULAWESI TENGGARA,November,1136194,2022
GORONTALO,November,92496,2022
SULAWESI BARAT,November,310736,2022
MALUKU,November,43671,2022
MALUKU UTARA,November,115762,2022
PAPUA BARAT,November,36457,2022
PAPUA,November,78388,2022
ACEH,Desember,639922,2022
SUMATERA UTARA,Desember,2283325,2022
SUMATERA BARAT,Desember,1307815,2022
RIAU,Desember,857727,2022
JAMBI,Desember,351987,2022
SUMATERA SELATAN,Desember,804851,2022
BENGKULU,Desember,185142,2022
LAMPUNG,Desember,1025144,2022
KEP. BANGKA BELITUNG,Desember,144054,2022
KEP. RIAU,Desember,185232,2022
DKI JAKARTA,Desember,5606163,2022
JAWA BARAT,Desember,12097392,2022
JAWA TENGAH,Desember,8165328,2022
DI YOGYAKARTA,Desember,2496730,2022
JAWA TIMUR,Desember,16432381,2022
BANTEN,Desember,3639318,2022
BALI,Desember,1688997,2022
NUSA TENGGARA BARAT,Desember,579154,2022
NUSA TENGGARA TIMUR,Desember,497011,2022
KALIMANTAN BARAT,Desember,345666,2022
KALIMANTAN TENGAH,Desember,282224,2022
KALIMANTAN SELATAN,Desember,532388,2022
KALIMANTAN TIMUR,Desember,638297,2022
KALIMANTAN UTARA,Desember,39514,2022
SULAWESI UTARA,Desember,401895,2022
SULAWESI TENGAH,Desember,575043,2022
SULAWESI SELATAN,Desember,2287771,2022
SULAWESI TENGGARA,Desember,1028565,2022
GORONTALO,Desember,117518,2022
SULAWESI BARAT,Desember,345542,2022
MALUKU,Desember,75278,2022
MALUKU UTARA,Desember,133388,2022
PAPUA BARAT,Desember,56395,2022
PAPUA,Desember,111840,2022
ACEH,Januari,396953,2021
SUMATERA UTARA,Januari,1424081,2021
SUMATERA BARAT,Januari,775782,2021
RIAU,Januari,507998,2021
JAMBI,Januari,247256,2021
SUMATERA SELATAN,Januari,541878,2021
BENGKULU,Januari,139180,2021
LAMPUNG,Januari,707904,2021
KEP. BANGKA BELITUNG,Januari,65347,2021
KEP. RIAU,Januari,60617,2021
DKI JAKARTA,Januari,2617796,2021
JAWA BARAT,Januari,6431349,2021
JAWA TENGAH,Januari,10965887,2021
DI YOGYAKARTA,Januari,1439708,2021
JAWA TIMUR,Januari,12801904,2021
BANTEN,Januari,2505336,2021
BALI,Januari,735234,2021
NUSA TENGGARA BARAT,Januari,222304,2021
NUSA TENGGARA TIMUR,Januari,236790,2021
KALIMANTAN BARAT,Januari,165093,2021
KALIMANTAN TENGAH,Januari,153097,2021
KALIMANTAN SELATAN,Januari,321253,2021
KALIMANTAN TIMUR,Januari,165649,2021
KALIMANTAN UTARA,Januari,37548,2021
SULAWESI UTARA,Januari,252298,2021
SULAWESI TENGAH,Januari,140380,2021
SULAWESI SELATAN,Januari,743342,2021
SULAWESI TENGGARA,Januari,209867,2021
GORONTALO,Januari,90759,2021
SULAWESI BARAT,Januari,124447,2021
MALUKU,Januari,78120,2021
MALUKU UTARA,Januari,68567,2021
PAPUA BARAT,Januari,56475,2021
PAPUA,Januari,124573,2021
ACEH,Februari,421243,2021
SUMATERA UTARA,Februari,1375473,2021
SUMATERA BARAT,Februari,735587,2021
RIAU,Februari,482533,2021
JAMBI,Februari,225630,2021
SUMATERA SELATAN,Februari,511557,2021
BENGKULU,Februari,131185,2021
LAMPUNG,Februari,647312,2021
KEP. BANGKA BELITUNG,Februari,72930,2021
KEP. RIAU,Februari,64867,2021
DKI JAKARTA,Februari,3090473,2021
JAWA BARAT,Februari,6772915,2021
JAWA TENGAH,Februari,10644269,2021
DI YOGYAKARTA,Februari,1429155,2021
JAWA TIMUR,Februari,12582632,2021
BANTEN,Februari,2674036,2021
BALI,Februari,627391,2021
NUSA TENGGARA BARAT,Februari,195816,2021
NUSA TENGGARA TIMUR,Februari,162261,2021
KALIMANTAN BARAT,Februari,194460,2021
KALIMANTAN TENGAH,Februari,151390,2021
KALIMANTAN SELATAN,Februari,313139,2021
KALIMANTAN TIMUR,Februari,154006,2021
KALIMANTAN UTARA,Februari,26992,2021
SULAWESI UTARA,Februari,284672,2021
SULAWESI TENGAH,Februari,139294,2021
SULAWESI SELATAN,Februari,724546,2021
SULAWESI TENGGARA,Februari,189183,2021
GORONTALO,Februari,92165,2021
SULAWESI BARAT,Februari,77882,2021
MALUKU,Februari,47482,2021
MALUKU UTARA,Februari,47555,2021
PAPUA BARAT,Februari,49044,2021
PAPUA,Februari,56995,2021
ACEH,Maret,445804,2021
SUMATERA UTARA,Maret,1415803,2021
SUMATERA BARAT,Maret,793796,2021
RIAU,Maret,511576,2021
JAMBI,Maret,239867,2021
SUMATERA SELATAN,Maret,553847,2021
BENGKULU,Maret,137722,2021
LAMPUNG,Maret,746409,2021
KEP. BANGKA BELITUNG,Maret,87341,2021
KEP. RIAU,Maret,75329,2021
DKI JAKARTA,Maret,3558538,2021
JAWA BARAT,Maret,8019390,2021
JAWA TENGAH,Maret,10992293,2021
DI YOGYAKARTA,Maret,1684846,2021
JAWA TIMUR,Maret,12511219,2021
BANTEN,Maret,2951840,2021
BALI,Maret,739544,2021
NUSA TENGGARA BARAT,Maret,244434,2021
NUSA TENGGARA TIMUR,Maret,222653,2021
KALIMANTAN BARAT,Maret,188046,2021
KALIMANTAN TENGAH,Maret,167356,2021
KALIMANTAN SELATAN,Maret,351197,2021
KALIMANTAN TIMUR,Maret,194579,2021
KALIMANTAN UTARA,Maret,27340,2021
SULAWESI UTARA,Maret,316834,2021
SULAWESI TENGAH,Maret,177093,2021
SULAWESI SELATAN,Maret,847765,2021
SULAWESI TENGGARA,Maret,208125,2021
GORONTALO,Maret,103269,2021
SULAWESI BARAT,Maret,81571,2021
MALUKU,Maret,48787,2021
MALUKU UTARA,Maret,54200,2021
PAPUA BARAT,Maret,41249,2021
PAPUA,Maret,69170,2021
ACEH,April,378402,2021
SUMATERA UTARA,April,1369304,2021
SUMATERA BARAT,April,712644,2021
RIAU,April,451372,2021
JAMBI,April,226476,2021
SUMATERA SELATAN,April,516146,2021
BENGKULU,April,124531,2021
LAMPUNG,April,706069,2021
KEP. BANGKA BELITUNG,April,84283,2021
KEP. RIAU,April,70355,2021
DKI JAKARTA,April,3486742,2021
JAWA BARAT,April,7535164,2021
JAWA TENGAH,April,10783115,2021
DI YOGYAKARTA,April,1637275,2021
JAWA TIMUR,April,11833348,2021
BANTEN,April,2864905,2021
BALI,April,913033,2021
NUSA TENGGARA BARAT,April,237622,2021
NUSA TENGGARA TIMUR,April,173424,2021
KALIMANTAN BARAT,April,171318,2021
KALIMANTAN TENGAH,April,155904,2021
KALIMANTAN SELATAN,April,328515,2021
KALIMANTAN TIMUR,April,189339,2021
KALIMANTAN UTARA,April,22191,2021
SULAWESI UTARA,April,319841,2021
SULAWESI TENGAH,April,154719,2021
SULAWESI SELATAN,April,765199,2021
SULAWESI TENGGARA,April,187883,2021
GORONTALO,April,89741,2021
SULAWESI BARAT,April,70523,2021
MALUKU,April,71019,2021
MALUKU UTARA,April,51844,2021
PAPUA BARAT,April,35284,2021
PAPUA,April,86207,2021
ACEH,Mei,599117,2021
SUMATERA UTARA,Mei,1674445,2021
SUMATERA BARAT,Mei,1025889,2021
RIAU,Mei,501143,2021
JAMBI,Mei,280176,2021
SUMATERA SELATAN,Mei,608248,2021
BENGKULU,Mei,179928,2021
LAMPUNG,Mei,975559,2021
KEP. BANGKA BELITUNG,Mei,93531,2021
KEP. RIAU,Mei,50771,2021
DKI JAKARTA,Mei,3671451,2021
JAWA BARAT,Mei,9062176,2021
JAWA TENGAH,Mei,12250918,2021
DI YOGYAKARTA,Mei,1754976,2021
JAWA TIMUR,Mei,13144701,2021
BANTEN,Mei,3435666,2021
BALI,Mei,873863,2021
NUSA TENGGARA BARAT,Mei,313718,2021
NUSA TENGGARA TIMUR,Mei,180257,2021
KALIMANTAN BARAT,Mei,177093,2021
KALIMANTAN TENGAH,Mei,160403,2021
KALIMANTAN SELATAN,Mei,389760,2021
KALIMANTAN TIMUR,Mei,211241,2021
KALIMANTAN UTARA,Mei,20610,2021
SULAWESI UTARA,Mei,372363,2021
SULAWESI TENGAH,Mei,187679,2021
SULAWESI SELATAN,Mei,937945,2021
SULAWESI TENGGARA,Mei,237647,2021
GORONTALO,Mei,117211,2021
SULAWESI BARAT,Mei,88146,2021
MALUKU,Mei,50091,2021
MALUKU UTARA,Mei,57892,2021
PAPUA BARAT,Mei,31565,2021
PAPUA,Mei,56054,2021
ACEH,Juni,457822,2021
SUMATERA UTARA,Juni,1571487,2021
SUMATERA BARAT,Juni,894952,2021
RIAU,Juni,521519,2021
JAMBI,Juni,255590,2021
SUMATERA SELATAN,Juni,574663,2021
BENGKULU,Juni,159098,2021
LAMPUNG,Juni,791886,2021
KEP. BANGKA BELITUNG,Juni,93222,2021
KEP. RIAU,Juni,65954,2021
DKI JAKARTA,Juni,3020770,2021
JAWA BARAT,Juni,7167804,2021
JAWA TENGAH,Juni,10559913,2021
DI YOGYAKARTA,Juni,1784864,2021
JAWA TIMUR,Juni,14179950,2021
BANTEN,Juni,2684415,2021
BALI,Juni,942465,2021
NUSA TENGGARA BARAT,Juni,311343,2021
NUSA TENGGARA TIMUR,Juni,246405,2021
KALIMANTAN BARAT,Juni,191558,2021
KALIMANTAN TENGAH,Juni,187859,2021
KALIMANTAN SELATAN,Juni,381521,2021
KALIMANTAN TIMUR,Juni,233957,2021
KALIMANTAN UTARA,Juni,24856,2021
SULAWESI UTARA,Juni,344017,2021
SULAWESI TENGAH,Juni,183102,2021
SULAWESI SELATAN,Juni,928134,2021
SULAWESI TENGGARA,Juni,212043,2021
GORONTALO,Juni,100327,2021
SULAWESI BARAT,Juni,91217,2021
MALUKU,Juni,55585,2021
MALUKU UTARA,Juni,57866,2021
PAPUA BARAT,Juni,42558,2021
PAPUA,Juni,86681,2021
ACEH,Juli,445355,2021
SUMATERA UTARA,Juli,1127318,2021
SUMATERA BARAT,Juli,664848,2021
RIAU,Juli,486997,2021
JAMBI,Juli,240188,2021
SUMATERA SELATAN,Juli,499604,2021
BENGKULU,Juli,126188,2021
LAMPUNG,Juli,564563,2021
KEP. BANGKA BELITUNG,Juli,73819,2021
KEP. RIAU,Juli,36721,2021
DKI JAKARTA,Juli,1516119,2021
JAWA BARAT,Juli,4073984,2021
JAWA TENGAH,Juli,8735768,2021
DI YOGYAKARTA,Juli,920309,2021
JAWA TIMUR,Juli,9773674,2021
BANTEN,Juli,1859367,2021
BALI,Juli,441796,2021
NUSA TENGGARA BARAT,Juli,224399,2021
NUSA TENGGARA TIMUR,Juli,205857,2021
KALIMANTAN BARAT,Juli,158340,2021
KALIMANTAN TENGAH,Juli,136067,2021
KALIMANTAN SELATAN,Juli,346333,2021
KALIMANTAN TIMUR,Juli,137412,2021
KALIMANTAN UTARA,Juli,18927,2021
SULAWESI UTARA,Juli,237853,2021
SULAWESI TENGAH,Juli,155542,2021
SULAWESI SELATAN,Juli,838925,2021
SULAWESI TENGGARA,Juli,190375,2021
GORONTALO,Juli,92090,2021
SULAWESI BARAT,Juli,89158,2021
MALUKU,Juli,32749,2021
MALUKU UTARA,Juli,44031,2021
PAPUA BARAT,Juli,26814,2021
PAPUA,Juli,50949,2021
ACEH,Agustus,397120,2021
SUMATERA UTARA,Agustus,1139616,2021
SUMATERA BARAT,Agustus,635405,2021
RIAU,Agustus,418261,2021
JAMBI,Agustus,205004,2021
SUMATERA SELATAN,Agustus,477028,2021
BENGKULU,Agustus,123317,2021
LAMPUNG,Agustus,602800,2021
KEP. BANGKA BELITUNG,Agustus,62355,2021
KEP. RIAU,Agustus,40978,2021
DKI JAKARTA,Agustus,2149334,2021
JAWA BARAT,Agustus,6941962,2021
JAWA TENGAH,Agustus,10234832,2021
DI YOGYAKARTA,Agustus,1283886,2021
JAWA TIMUR,Agustus,9608471,2021
BANTEN,Agustus,2654678,2021
BALI,Agustus,575592,2021
NUSA TENGGARA BARAT,Agustus,232826,2021
NUSA TENGGARA TIMUR,Agustus,218815,2021
KALIMANTAN BARAT,Agustus,186790,2021
KALIMANTAN TENGAH,Agustus,130487,2021
KALIMANTAN SELATAN,Agustus,265638,2021
KALIMANTAN TIMUR,Agustus,155570,2021
KALIMANTAN UTARA,Agustus,17571,2021
SULAWESI UTARA,Agustus,237457,2021
SULAWESI TENGAH,Agustus,131074,2021
SULAWESI SELATAN,Agustus,723167,2021
SULAWESI TENGGARA,Agustus,179936,2021
GORONTALO,Agustus,85478,2021
SULAWESI BARAT,Agustus,80028,2021
MALUKU,Agustus,38200,2021
MALUKU UTARA,Agustus,46619,2021
PAPUA BARAT,Agustus,29913,2021
PAPUA,Agustus,48378,2021
ACEH,September,440652,2021
SUMATERA UTARA,September,1329028,2021
SUMATERA BARAT,September,717460,2021
RIAU,September,480952,2021
JAMBI,September,234360,2021
SUMATERA SELATAN,September,554767,2021
BENGKULU,September,139828,2021
LAMPUNG,September,749160,2021
KEP. BANGKA BELITUNG,September,80206,2021
KEP. RIAU,September,73747,2021
DKI JAKARTA,September,2914875,2021
JAWA BARAT,September,8993185,2021
JAWA TENGAH,September,12699513,2021
DI YOGYAKARTA,September,1879850,2021
JAWA TIMUR,September,12421768,2021
BANTEN,September,3508920,2021
BALI,September,768756,2021
NUSA TENGGARA BARAT,September,253597,2021
NUSA TENGGARA TIMUR,September,277164,2021
KALIMANTAN BARAT,September,201094,2021
KALIMANTAN TENGAH,September,151033,2021
KALIMANTAN SELATAN,September,323585,2021
KALIMANTAN TIMUR,September,207404,2021
KALIMANTAN UTARA,September,22787,2021
SULAWESI UTARA,September,290810,2021
SULAWESI TENGAH,September,157759,2021
SULAWESI SELATAN,September,824543,2021
SULAWESI TENGGARA,September,214553,2021
GORONTALO,September,97555,2021
SULAWESI BARAT,September,90870,2021
MALUKU,September,46237,2021
MALUKU UTARA,September,51543,2021
PAPUA BARAT,September,42337,2021
PAPUA,September,90643,2021
ACEH,Oktober,490983,2021
SUMATERA UTARA,Oktober,1641459,2021
SUMATERA BARAT,Oktober,829981,2021
RIAU,Oktober,542388,2021
JAMBI,Oktober,277376,2021
SUMATERA SELATAN,Oktober,624377,2021
BENGKULU,Oktober,160489,2021
LAMPUNG,Oktober,835530,2021
KEP. BANGKA BELITUNG,Oktober,109459,2021
KEP. RIAU,Oktober,88509,2021
DKI JAKARTA,Oktober,3590483,2021
JAWA BARAT,Oktober,10796398,2021
JAWA TENGAH,Oktober,15670718,2021
DI YOGYAKARTA,Oktober,2749665,2021
JAWA TIMUR,Oktober,15355312,2021
BANTEN,Oktober,4154690,2021
BALI,Oktober,1023186,2021
NUSA TENGGARA BARAT,Oktober,300825,2021
NUSA TENGGARA TIMUR,Oktober,310030,2021
KALIMANTAN BARAT,Oktober,236697,2021
KALIMANTAN TENGAH,Oktober,182649,2021
KALIMANTAN SELATAN,Oktober,415035,2021
KALIMANTAN TIMUR,Oktober,243553,2021
KALIMANTAN UTARA,Oktober,29487,2021
SULAWESI UTARA,Oktober,340274,2021
SULAWESI TENGAH,Oktober,187825,2021
SULAWESI SELATAN,Oktober,960245,2021
SULAWESI TENGGARA,Oktober,237909,2021
GORONTALO,Oktober,104446,2021
SULAWESI BARAT,Oktober,91955,2021
MALUKU,Oktober,52031,2021
MALUKU UTARA,Oktober,67386,2021
PAPUA BARAT,Oktober,40861,2021
PAPUA,Oktober,79326,2021
ACEH,November,445046,2021
SUMATERA UTARA,November,1433761,2021
SUMATERA BARAT,November,733146,2021
RIAU,November,503440,2021
JAMBI,November,247704,2021
SUMATERA SELATAN,November,568239,2021
BENGKULU,November,138376,2021
LAMPUNG,November,760453,2021
KEP. BANGKA BELITUNG,November,101097,2021
KEP. RIAU,November,85577,2021
DKI JAKARTA,November,3503961,2021
JAWA BARAT,November,9236395,2021
JAWA TENGAH,November,16327544,2021
DI YOGYAKARTA,November,2831810,2021
JAWA TIMUR,November,15619037,2021
BANTEN,November,3955307,2021
BALI,November,1025748,2021
NUSA TENGGARA BARAT,November,272499,2021
NUSA TENGGARA TIMUR,November,283321,2021
KALIMANTAN BARAT,November,199557,2021
KALIMANTAN TENGAH,November,153217,2021
KALIMANTAN SELATAN,November,373463,2021
KALIMANTAN TIMUR,November,221625,2021
KALIMANTAN UTARA,November,24119,2021
SULAWESI UTARA,November,333070,2021
SULAWESI TENGAH,November,168918,2021
SULAWESI SELATAN,November,842440,2021
SULAWESI TENGGARA,November,220257,2021
GORONTALO,November,93069,2021
SULAWESI BARAT,November,86912,2021
MALUKU,November,51355,2021
MALUKU UTARA,November,51408,2021
PAPUA BARAT,November,33842,2021
PAPUA,November,63345,2021
ACEH,Desember,615908,2021
SUMATERA UTARA,Desember,2256408,2021
SUMATERA BARAT,Desember,1084422,2021
RIAU,Desember,735090,2021
JAMBI,Desember,367540,2021
SUMATERA SELATAN,Desember,796983,2021
BENGKULU,Desember,210851,2021
LAMPUNG,Desember,1089221,2021
KEP. BANGKA BELITUNG,Desember,140399,2021
KEP. RIAU,Desember,122247,2021
DKI JAKARTA,Desember,4513926,2021
JAWA BARAT,Desember,11284591,2021
JAWA TENGAH,Desember,17809415,2021
DI YOGYAKARTA,Desember,3437656,2021
JAWA TIMUR,Desember,19245908,2021
BANTEN,Desember,3484770,2021
BALI,Desember,1318502,2021
NUSA TENGGARA BARAT,Desember,329405,2021
NUSA TENGGARA TIMUR,Desember,591838,2021
KALIMANTAN BARAT,Desember,341346,2021
KALIMANTAN TENGAH,Desember,245330,2021
KALIMANTAN SELATAN,Desember,473090,2021
KALIMANTAN TIMUR,Desember,378506,2021
KALIMANTAN UTARA,Desember,36413,2021
SULAWESI UTARA,Desember,403468,2021
SULAWESI TENGAH,Desember,243526,2021
SULAWESI SELATAN,Desember,1091834,2021
SULAWESI TENGGARA,Desember,293377,2021
GORONTALO,Desember,122720,2021
SULAWESI BARAT,Desember,109793,2021
MALUKU,Desember,68109,2021
MALUKU UTARA,Desember,73794,2021
PAPUA BARAT,Desember,55063,2021
PAPUA,Desember,114802,2021
ACEH,Januari,483897,2020
SUMATERA UTARA,Januari,2012511,2020
SUMATERA BARAT,Januari,863282,2020
RIAU,Januari,619363,2020
JAMBI,Januari,264201,2020
SUMATERA SELATAN,Januari,620543,2020
BENGKULU,Januari,155102,2020
LAMPUNG,Januari,876254,2020
KEP. BANGKA BELITUNG,Januari,127282,2020
KEP. RIAU,Januari,138085,2020
DKI JAKARTA,Januari,4285490,2020
JAWA BARAT,Januari,10492510,2020
JAWA TENGAH,Januari,13945958,2020
DI YOGYAKARTA,Januari,2564209,2020
JAWA TIMUR,Januari,11480621,2020
BANTEN,Januari,3493296,2020
BALI,Januari,1198046,2020
NUSA TENGGARA BARAT,Januari,357562,2020
NUSA TENGGARA TIMUR,Januari,196280,2020
KALIMANTAN BARAT,Januari,238250,2020
KALIMANTAN TENGAH,Januari,199469,2020
KALIMANTAN SELATAN,Januari,453132,2020
KALIMANTAN TIMUR,Januari,314243,2020
KALIMANTAN UTARA,Januari,27906,2020
SULAWESI UTARA,Januari,156614,2020
SULAWESI TENGAH,Januari,185796,2020
SULAWESI SELATAN,Januari,1027653,2020
SULAWESI TENGGARA,Januari,206468,2020
GORONTALO,Januari,48443,2020
SULAWESI BARAT,Januari,105991,2020
MALUKU,Januari,38562,2020
MALUKU UTARA,Januari,46810,2020
PAPUA BARAT,Januari,46741,2020
PAPUA,Januari,75045,2020
ACEH,Februari,430589,2020
SUMATERA UTARA,Februari,1466193,2020
SUMATERA BARAT,Februari,779785,2020
RIAU,Februari,548129,2020
JAMBI,Februari,250082,2020
SUMATERA SELATAN,Februari,584230,2020
BENGKULU,Februari,140647,2020
LAMPUNG,Februari,782363,2020
KEP. BANGKA BELITUNG,Februari,107273,2020
KEP. RIAU,Februari,112726,2020
DKI JAKARTA,Februari,3980736,2020
JAWA BARAT,Februari,9453029,2020
JAWA TENGAH,Februari,12527304,2020
DI YOGYAKARTA,Februari,2165645,2020
JAWA TIMUR,Februari,10963390,2020
BANTEN,Februari,3108353,2020
BALI,Februari,1076140,2020
NUSA TENGGARA BARAT,Februari,346046,2020
NUSA TENGGARA TIMUR,Februari,177430,2020
KALIMANTAN BARAT,Februari,192950,2020
KALIMANTAN TENGAH,Februari,184057,2020
KALIMANTAN SELATAN,Februari,525682,2020
KALIMANTAN TIMUR,Februari,286192,2020
KALIMANTAN UTARA,Februari,28952,2020
SULAWESI UTARA,Februari,154197,2020
SULAWESI TENGAH,Februari,176960,2020
SULAWESI SELATAN,Februari,932636,2020
SULAWESI TENGGARA,Februari,193500,2020
GORONTALO,Februari,44850,2020
SULAWESI BARAT,Februari,97671,2020
MALUKU,Februari,36768,2020
MALUKU UTARA,Februari,47758,2020
PAPUA BARAT,Februari,44158,2020
PAPUA,Februari,73078,2020
ACEH,Maret,351710,2020
SUMATERA UTARA,Maret,1109440,2020
SUMATERA BARAT,Maret,623248,2020
RIAU,Maret,464347,2020
JAMBI,Maret,206088,2020
SUMATERA SELATAN,Maret,483516,2020
BENGKULU,Maret,117920,2020
LAMPUNG,Maret,658446,2020
KEP. BANGKA BELITUNG,Maret,83654,2020
KEP. RIAU,Maret,68659,2020
DKI JAKARTA,Maret,2731511,2020
JAWA BARAT,Maret,7069903,2020
JAWA TENGAH,Maret,11005404,2020
DI YOGYAKARTA,Maret,1653382,2020
JAWA TIMUR,Maret,9901042,2020
BANTEN,Maret,2403198,2020
BALI,Maret,684140,2020
NUSA TENGGARA BARAT,Maret,266947,2020
NUSA TENGGARA TIMUR,Maret,161512,2020
KALIMANTAN BARAT,Maret,133713,2020
KALIMANTAN TENGAH,Maret,162270,2020
KALIMANTAN SELATAN,Maret,388598,2020
KALIMANTAN TIMUR,Maret,217704,2020
KALIMANTAN UTARA,Maret,22807,2020
SULAWESI UTARA,Maret,158677,2020
SULAWESI TENGAH,Maret,145200,2020
SULAWESI SELATAN,Maret,759362,2020
SULAWESI TENGGARA,Maret,143516,2020
GORONTALO,Maret,54723,2020
SULAWESI BARAT,Maret,69873,2020
MALUKU,Maret,29688,2020
MALUKU UTARA,Maret,38527,2020
PAPUA BARAT,Maret,34282,2020
PAPUA,Maret,57571,2020
ACEH,April,157764,2020
SUMATERA UTARA,April,442072,2020
SUMATERA BARAT,April,226466,2020
RIAU,April,215636,2020
JAMBI,April,114969,2020
SUMATERA SELATAN,April,234250,2020
BENGKULU,April,61421,2020
LAMPUNG,April,356647,2020
KEP. BANGKA BELITUNG,April,34757,2020
KEP. RIAU,April,19843,2020
DKI JAKARTA,April,800210,2020
JAWA BARAT,April,2572442,2020
JAWA TENGAH,April,8810623,2020
DI YOGYAKARTA,April,731738,2020
JAWA TIMUR,April,6570521,2020
BANTEN,April,1058760,2020
BALI,April,273450,2020
NUSA TENGGARA BARAT,April,114758,2020
NUSA TENGGARA TIMUR,April,102092,2020
KALIMANTAN BARAT,April,58284,2020
KALIMANTAN TENGAH,April,78802,2020
KALIMANTAN SELATAN,April,142599,2020
KALIMANTAN TIMUR,April,91121,2020
KALIMANTAN UTARA,April,9670,2020
SULAWESI UTARA,April,66627,2020
SULAWESI TENGAH,April,65380,2020
SULAWESI SELATAN,April,287133,2020
SULAWESI TENGGARA,April,71545,2020
GORONTALO,April,33603,2020
SULAWESI BARAT,April,26873,2020
MALUKU,April,10479,2020
MALUKU UTARA,April,22439,2020
PAPUA BARAT,April,9348,2020
PAPUA,April,24783,2020
ACEH,Mei,258310,2020
SUMATERA UTARA,Mei,576278,2020
SUMATERA BARAT,Mei,250931,2020
RIAU,Mei,249411,2020
JAMBI,Mei,133020,2020
SUMATERA SELATAN,Mei,223800,2020
BENGKULU,Mei,67769,2020
LAMPUNG,Mei,395199,2020
KEP. BANGKA BELITUNG,Mei,48428,2020
KEP. RIAU,Mei,17661,2020
DKI JAKARTA,Mei,1102095,2020
JAWA BARAT,Mei,3478828,2020
JAWA TENGAH,Mei,7558284,2020
DI YOGYAKARTA,Mei,665050,2020
JAWA TIMUR,Mei,7672138,2020
BANTEN,Mei,1372881,2020
BALI,Mei,261406,2020
NUSA TENGGARA BARAT,Mei,134465,2020
NUSA TENGGARA TIMUR,Mei,78698,2020
KALIMANTAN BARAT,Mei,70612,2020
KALIMANTAN TENGAH,Mei,75118,2020
KALIMANTAN SELATAN,Mei,140584,2020
KALIMANTAN TIMUR,Mei,95763,2020
KALIMANTAN UTARA,Mei,8536,2020
SULAWESI UTARA,Mei,58036,2020
SULAWESI TENGAH,Mei,65852,2020
SULAWESI SELATAN,Mei,308242,2020
SULAWESI TENGGARA,Mei,71224,2020
GORONTALO,Mei,27476,2020
SULAWESI BARAT,Mei,22014,2020
MALUKU,Mei,7978,2020
MALUKU UTARA,Mei,12649,2020
PAPUA BARAT,Mei,11657,2020
PAPUA,Mei,26829,2020
ACEH,Juni,298482,2020
SUMATERA UTARA,Juni,864667,2020
SUMATERA BARAT,Juni,562966,2020
RIAU,Juni,390121,2020
JAMBI,Juni,183620,2020
SUMATERA SELATAN,Juni,339725,2020
BENGKULU,Juni,100775,2020
LAMPUNG,Juni,559053,2020
KEP. BANGKA BELITUNG,Juni,53351,2020
KEP. RIAU,Juni,29392,2020
DKI JAKARTA,Juni,1730939,2020
JAWA BARAT,Juni,6047886,2020
JAWA TENGAH,Juni,8741458,2020
DI YOGYAKARTA,Juni,966026,2020
JAWA TIMUR,Juni,9184613,2020
BANTEN,Juni,1757307,2020
BALI,Juni,427300,2020
NUSA TENGGARA BARAT,Juni,219509,2020
NUSA TENGGARA TIMUR,Juni,123912,2020
KALIMANTAN BARAT,Juni,114469,2020
KALIMANTAN TENGAH,Juni,105229,2020
KALIMANTAN SELATAN,Juni,217081,2020
KALIMANTAN TIMUR,Juni,153412,2020
KALIMANTAN UTARA,Juni,12698,2020
SULAWESI UTARA,Juni,112243,2020
SULAWESI TENGAH,Juni,86803,2020
SULAWESI SELATAN,Juni,547513,2020
SULAWESI TENGGARA,Juni,106867,2020
GORONTALO,Juni,49003,2020
SULAWESI BARAT,Juni,49222,2020
MALUKU,Juni,11914,2020
MALUKU UTARA,Juni,23881,2020
PAPUA BARAT,Juni,17414,2020
PAPUA,Juni,35260,2020
ACEH,Juli,333571,2020
SUMATERA UTARA,Juli,1082687,2020
SUMATERA BARAT,Juli,754303,2020
RIAU,Juli,440119,2020
JAMBI,Juli,235975,2020
SUMATERA SELATAN,Juli,486690,2020
BENGKULU,Juli,131746,2020
LAMPUNG,Juli,779034,2020
KEP. BANGKA BELITUNG,Juli,70022,2020
KEP. RIAU,Juli,47791,2020
DKI JAKARTA,Juli,2338540,2020
JAWA BARAT,Juli,8293439,2020
JAWA TENGAH,Juli,10624146,2020
DI YOGYAKARTA,Juli,1407181,2020
JAWA TIMUR,Juli,11452136,2020
BANTEN,Juli,2276198,2020
BALI,Juli,596736,2020
NUSA TENGGARA BARAT,Juli,292720,2020
NUSA TENGGARA TIMUR,Juli,180686,2020
KALIMANTAN BARAT,Juli,156207,2020
KALIMANTAN TENGAH,Juli,153741,2020
KALIMANTAN SELATAN,Juli,299967,2020
KALIMANTAN TIMUR,Juli,179746,2020
KALIMANTAN UTARA,Juli,17870,2020
SULAWESI UTARA,Juli,193492,2020
SULAWESI TENGAH,Juli,119534,2020
SULAWESI SELATAN,Juli,663996,2020
SULAWESI TENGGARA,Juli,146936,2020
GORONTALO,Juli,68769,2020
SULAWESI BARAT,Juli,61561,2020
MALUKU,Juli,15625,2020
MALUKU UTARA,Juli,36540,2020
PAPUA BARAT,Juli,22301,2020
PAPUA,Juli,45320,2020
ACEH,Agustus,392055,2020
SUMATERA UTARA,Agustus,1291700,2020
SUMATERA BARAT,Agustus,827245,2020
RIAU,Agustus,497048,2020
JAMBI,Agustus,258405,2020
SUMATERA SELATAN,Agustus,555501,2020
BENGKULU,Agustus,154764,2020
LAMPUNG,Agustus,880796,2020
KEP. BANGKA BELITUNG,Agustus,87978,2020
KEP. RIAU,Agustus,46331,2020
DKI JAKARTA,Agustus,2588398,2020
JAWA BARAT,Agustus,9436215,2020
JAWA TENGAH,Agustus,11468963,2020
DI YOGYAKARTA,Agustus,1835908,2020
JAWA TIMUR,Agustus,11299515,2020
BANTEN,Agustus,2660062,2020
BALI,Agustus,773886,2020
NUSA TENGGARA BARAT,Agustus,345466,2020
NUSA TENGGARA TIMUR,Agustus,208219,2020
KALIMANTAN BARAT,Agustus,188940,2020
KALIMANTAN TENGAH,Agustus,178547,2020
KALIMANTAN SELATAN,Agustus,378968,2020
KALIMANTAN TIMUR,Agustus,193051,2020
KALIMANTAN UTARA,Agustus,19917,2020
SULAWESI UTARA,Agustus,259030,2020
SULAWESI TENGAH,Agustus,157123,2020
SULAWESI SELATAN,Agustus,909748,2020
SULAWESI TENGGARA,Agustus,181890,2020
GORONTALO,Agustus,83192,2020
SULAWESI BARAT,Agustus,80440,2020
MALUKU,Agustus,21065,2020
MALUKU UTARA,Agustus,43536,2020
PAPUA BARAT,Agustus,23616,2020
PAPUA,Agustus,46725,2020
ACEH,September,293602,2020
SUMATERA UTARA,September,1016798,2020
SUMATERA BARAT,September,555478,2020
RIAU,September,422867,2020
JAMBI,September,228973,2020
SUMATERA SELATAN,September,484199,2020
BENGKULU,September,127706,2020
LAMPUNG,September,686462,2020
KEP. BANGKA BELITUNG,September,73888,2020
KEP. RIAU,September,48314,2020
DKI JAKARTA,September,1961247,2020
JAWA BARAT,September,6769447,2020
JAWA TENGAH,September,10031173,2020
DI YOGYAKARTA,September,1570374,2020
JAWA TIMUR,September,12304681,2020
BANTEN,September,1938669,2020
BALI,September,737473,2020
NUSA TENGGARA BARAT,September,303882,2020
NUSA TENGGARA TIMUR,September,204091,2020
KALIMANTAN BARAT,September,139666,2020
KALIMANTAN TENGAH,September,177946,2020
KALIMANTAN SELATAN,September,340628,2020
KALIMANTAN TIMUR,September,179654,2020
KALIMANTAN UTARA,September,20879,2020
SULAWESI UTARA,September,282281,2020
SULAWESI TENGAH,September,132882,2020
SULAWESI SELATAN,September,850322,2020
SULAWESI TENGGARA,September,206855,2020
GORONTALO,September,94892,2020
SULAWESI BARAT,September,75891,2020
MALUKU,September,23965,2020
MALUKU UTARA,September,47792,2020
PAPUA BARAT,September,23906,2020
PAPUA,September,50583,2020
ACEH,Oktober,340415,2020
SUMATERA UTARA,Oktober,1232110,2020
SUMATERA BARAT,Oktober,672099,2020
RIAU,Oktober,520924,2020
JAMBI,Oktober,240877,2020
SUMATERA SELATAN,Oktober,557537,2020
BENGKULU,Oktober,146378,2020
LAMPUNG,Oktober,788792,2020
KEP. BANGKA BELITUNG,Oktober,81326,2020
KEP. RIAU,Oktober,60644,2020
DKI JAKARTA,Oktober,2466514,2020
JAWA BARAT,Oktober,8455505,2020
JAWA TENGAH,Oktober,11470617,2020
DI YOGYAKARTA,Oktober,1937169,2020
JAWA TIMUR,Oktober,11175527,2020
BANTEN,Oktober,2516445,2020
BALI,Oktober,798998,2020
NUSA TENGGARA BARAT,Oktober,321857,2020
NUSA TENGGARA TIMUR,Oktober,269250,2020
KALIMANTAN BARAT,Oktober,157775,2020
KALIMANTAN TENGAH,Oktober,191431,2020
KALIMANTAN SELATAN,Oktober,401871,2020
KALIMANTAN TIMUR,Oktober,209778,2020
KALIMANTAN UTARA,Oktober,22363,2020
SULAWESI UTARA,Oktober,335445,2020
SULAWESI TENGAH,Oktober,109312,2020
SULAWESI SELATAN,Oktober,959171,2020
SULAWESI TENGGARA,Oktober,193265,2020
GORONTALO,Oktober,108500,2020
SULAWESI BARAT,Oktober,75517,2020
MALUKU,Oktober,29428,2020
MALUKU UTARA,Oktober,50275,2020
PAPUA BARAT,Oktober,26119,2020
PAPUA,Oktober,55847,2020
ACEH,November,322558,2020
SUMATERA UTARA,November,1120288,2020
SUMATERA BARAT,November,661261,2020
RIAU,November,463144,2020
JAMBI,November,242326,2020
SUMATERA SELATAN,November,514748,2020
BENGKULU,November,131395,2020
LAMPUNG,November,737712,2020
KEP. BANGKA BELITUNG,November,86222,2020
KEP. RIAU,November,61440,2020
DKI JAKARTA,November,3248857,2020
JAWA BARAT,November,8397804,2020
JAWA TENGAH,November,11782903,2020
DI YOGYAKARTA,November,1884242,2020
JAWA TIMUR,November,11164569,2020
BANTEN,November,2951355,2020
BALI,November,847456,2020
NUSA TENGGARA BARAT,November,297806,2020
NUSA TENGGARA TIMUR,November,232124,2020
KALIMANTAN BARAT,November,142495,2020
KALIMANTAN TENGAH,November,178377,2020
KALIMANTAN SELATAN,November,373595,2020
KALIMANTAN TIMUR,November,208725,2020
KALIMANTAN UTARA,November,22030,2020
SULAWESI UTARA,November,326566,2020
SULAWESI TENGAH,November,137047,2020
SULAWESI SELATAN,November,906014,2020
SULAWESI TENGGARA,November,191705,2020
GORONTALO,November,101882,2020
SULAWESI BARAT,November,75153,2020
MALUKU,November,30269,2020
MALUKU UTARA,November,48505,2020
PAPUA BARAT,November,32062,2020
PAPUA,November,58583,2020
ACEH,Desember,479226,2020
SUMATERA UTARA,Desember,1831624,2020
SUMATERA BARAT,Desember,1115758,2020
RIAU,Desember,674613,2020
JAMBI,Desember,326026,2020
SUMATERA SELATAN,Desember,745355,2020
BENGKULU,Desember,184734,2020
LAMPUNG,Desember,1024964,2020
KEP. BANGKA BELITUNG,Desember,111916,2020
KEP. RIAU,Desember,94695,2020
DKI JAKARTA,Desember,3679663,2020
JAWA BARAT,Desember,9414524,2020
JAWA TENGAH,Desember,14465546,2020
DI YOGYAKARTA,Desember,2210558,2020
JAWA TIMUR,Desember,13932909,2020
BANTEN,Desember,3305453,2020
BALI,Desember,1144499,2020
NUSA TENGGARA BARAT,Desember,371680,2020
NUSA TENGGARA TIMUR,Desember,359388,2020
KALIMANTAN BARAT,Desember,261247,2020
KALIMANTAN TENGAH,Desember,218817,2020
KALIMANTAN SELATAN,Desember,470887,2020
KALIMANTAN TIMUR,Desember,275463,2020
KALIMANTAN UTARA,Desember,68039,2020
SULAWESI UTARA,Desember,377599,2020
SULAWESI TENGAH,Desember,189733,2020
SULAWESI SELATAN,Desember,1063264,2020
SULAWESI TENGGARA,Desember,269241,2020
GORONTALO,Desember,132725,2020
SULAWESI BARAT,Desember,110693,2020
MALUKU,Desember,147307,2020
MALUKU UTARA,Desember,83999,2020
PAPUA BARAT,Desember,50886,2020
PAPUA,Desember,136898,2020
ACEH,Januari,1387574,2019
SUMATERA UTARA,Januari,5094564,2019
SUMATERA BARAT,Januari,1667509,2019
RIAU,Januari,1990985,2019
JAMBI,Januari,828879,2019
SUMATERA SELATAN,Januari,1763349,2019
BENGKULU,Januari,414287,2019
LAMPUNG,Januari,2082997,2019
KEP. BANGKA BELITUNG,Januari,298322,2019
KEP. RIAU,Januari,434786,2019
DKI JAKARTA,Januari,5397751,2019
JAWA BARAT,Januari,11116072,2019
JAWA TENGAH,Januari,5499613,2019
DI YOGYAKARTA,Januari,1411202,2019
JAWA TIMUR,Januari,7370689,2019
BANTEN,Januari,3499099,2019
BALI,Januari,1316977,2019
NUSA TENGGARA BARAT,Januari,638044,2019
NUSA TENGGARA TIMUR,Januari,730527,2019
KALIMANTAN BARAT,Januari,868324,2019
KALIMANTAN TENGAH,Januari,583298,2019
KALIMANTAN SELATAN,Januari,798371,2019
KALIMANTAN TIMUR,Januari,979211,2019
KALIMANTAN UTARA,Januari,143744,2019
SULAWESI UTARA,Januari,256496,2019
SULAWESI TENGAH,Januari,451254,2019
SULAWESI SELATAN,Januari,2054894,2019
SULAWESI TENGGARA,Januari,534762,2019
GORONTALO,Januari,90789,2019
SULAWESI BARAT,Januari,197588,2019
MALUKU,Januari,258094,2019
MALUKU UTARA,Januari,125514,2019
PAPUA BARAT,Januari,185287,2019
PAPUA,Januari,313389,2019
ACEH,Februari,1111607,2019
SUMATERA UTARA,Februari,3282713,2019
SUMATERA BARAT,Februari,1313185,2019
RIAU,Februari,1425092,2019
JAMBI,Februari,652908,2019
SUMATERA SELATAN,Februari,1294947,2019
BENGKULU,Februari,304721,2019
LAMPUNG,Februari,1612674,2019
KEP. BANGKA BELITUNG,Februari,240226,2019
KEP. RIAU,Februari,351865,2019
DKI JAKARTA,Februari,4349186,2019
JAWA BARAT,Februari,9942434,2019
JAWA TENGAH,Februari,3635334,2019
DI YOGYAKARTA,Februari,914238,2019
JAWA TIMUR,Februari,3397447,2019
BANTEN,Februari,2693769,2019
BALI,Februari,1225808,2019
NUSA TENGGARA BARAT,Februari,650532,2019
NUSA TENGGARA TIMUR,Februari,588445,2019
KALIMANTAN BARAT,Februari,718122,2019
KALIMANTAN TENGAH,Februari,422358,2019
KALIMANTAN SELATAN,Februari,624476,2019
KALIMANTAN TIMUR,Februari,691855,2019
KALIMANTAN UTARA,Februari,109695,2019
SULAWESI UTARA,Februari,112937,2019
SULAWESI TENGAH,Februari,308973,2019
SULAWESI SELATAN,Februari,1402775,2019
SULAWESI TENGGARA,Februari,405350,2019
GORONTALO,Februari,48019,2019
SULAWESI BARAT,Februari,134391,2019
MALUKU,Februari,193290,2019
MALUKU UTARA,Februari,76500,2019
PAPUA BARAT,Februari,143094,2019
PAPUA,Februari,209857,2019
ACEH,Maret,1113176,2019
SUMATERA UTARA,Maret,3442407,2019
SUMATERA BARAT,Maret,1420799,2019
RIAU,Maret,1541155,2019
JAMBI,Maret,716028,2019
SUMATERA SELATAN,Maret,1356470,2019
BENGKULU,Maret,336570,2019
LAMPUNG,Maret,1606207,2019
KEP. BANGKA BELITUNG,Maret,255054,2019
KEP. RIAU,Maret,358547,2019
DKI JAKARTA,Maret,4859467,2019
JAWA BARAT,Maret,11088052,2019
JAWA TENGAH,Maret,8111673,2019
DI YOGYAKARTA,Maret,1838076,2019
JAWA TIMUR,Maret,6166799,2019
BANTEN,Maret,2938462,2019
BALI,Maret,1465586,2019
NUSA TENGGARA BARAT,Maret,615424,2019
NUSA TENGGARA TIMUR,Maret,609906,2019
KALIMANTAN BARAT,Maret,702067,2019
KALIMANTAN TENGAH,Maret,478327,2019
KALIMANTAN SELATAN,Maret,1065096,2019
KALIMANTAN TIMUR,Maret,782692,2019
KALIMANTAN UTARA,Maret,132047,2019
SULAWESI UTARA,Maret,197795,2019
SULAWESI TENGAH,Maret,374463,2019
SULAWESI SELATAN,Maret,1654575,2019
SULAWESI TENGGARA,Maret,436423,2019
GORONTALO,Maret,84467,2019
SULAWESI BARAT,Maret,163587,2019
MALUKU,Maret,206894,2019
MALUKU UTARA,Maret,166014,2019
PAPUA BARAT,Maret,159903,2019
PAPUA,Maret,224960,2019
ACEH,April,1155705,2019
SUMATERA UTARA,April,3676763,2019
SUMATERA BARAT,April,1573606,2019
RIAU,April,1563303,2019
JAMBI,April,547378,2019
SUMATERA SELATAN,April,1099872,2019
BENGKULU,April,287546,2019
LAMPUNG,April,1164672,2019
KEP. BANGKA BELITUNG,April,199678,2019
KEP. RIAU,April,360392,2019
DKI JAKARTA,April,4798553,2019
JAWA BARAT,April,11993275,2019
JAWA TENGAH,April,9858616,2019
DI YOGYAKARTA,April,2187942,2019
JAWA TIMUR,April,5021927,2019
BANTEN,April,2963258,2019
BALI,April,1483415,2019
NUSA TENGGARA BARAT,April,623576,2019
NUSA TENGGARA TIMUR,April,656777,2019
KALIMANTAN BARAT,April,667426,2019
KALIMANTAN TENGAH,April,459150,2019
KALIMANTAN SELATAN,April,684460,2019
KALIMANTAN TIMUR,April,774765,2019
KALIMANTAN UTARA,April,127958,2019
SULAWESI UTARA,April,221246,2019
SULAWESI TENGAH,April,374029,2019
SULAWESI SELATAN,April,1799377,2019
SULAWESI TENGGARA,April,487941,2019
GORONTALO,April,102283,2019
SULAWESI BARAT,April,174495,2019
MALUKU,April,216036,2019
MALUKU UTARA,April,190003,2019
PAPUA BARAT,April,152087,2019
PAPUA,April,209282,2019
ACEH,Mei,1070909,2019
SUMATERA UTARA,Mei,3469100,2019
SUMATERA BARAT,Mei,1511963,2019
RIAU,Mei,1574681,2019
JAMBI,Mei,438508,2019
SUMATERA SELATAN,Mei,917156,2019
BENGKULU,Mei,258241,2019
LAMPUNG,Mei,877643,2019
KEP. BANGKA BELITUNG,Mei,122301,2019
KEP. RIAU,Mei,358416,2019
DKI JAKARTA,Mei,4428139,2019
JAWA BARAT,Mei,10148348,2019
JAWA TENGAH,Mei,6842427,2019
DI YOGYAKARTA,Mei,1206999,2019
JAWA TIMUR,Mei,6577537,2019
BANTEN,Mei,2694170,2019
BALI,Mei,1185662,2019
NUSA TENGGARA BARAT,Mei,672162,2019
NUSA TENGGARA TIMUR,Mei,668972,2019
KALIMANTAN BARAT,Mei,668813,2019
KALIMANTAN TENGAH,Mei,481899,2019
KALIMANTAN SELATAN,Mei,686310,2019
KALIMANTAN TIMUR,Mei,797668,2019
KALIMANTAN UTARA,Mei,136905,2019
SULAWESI UTARA,Mei,235233,2019
SULAWESI TENGAH,Mei,368161,2019
SULAWESI SELATAN,Mei,1653101,2019
SULAWESI TENGGARA,Mei,445093,2019
GORONTALO,Mei,109827,2019
SULAWESI BARAT,Mei,152740,2019
MALUKU,Mei,228658,2019
MALUKU UTARA,Mei,163855,2019
PAPUA BARAT,Mei,161711,2019
PAPUA,Mei,235428,2019
ACEH,Juni,1800152,2019
SUMATERA UTARA,Juni,5774370,2019
SUMATERA BARAT,Juni,2910574,2019
RIAU,Juni,2179811,2019
JAMBI,Juni,572785,2019
SUMATERA SELATAN,Juni,1380350,2019
BENGKULU,Juni,407898,2019
LAMPUNG,Juni,1653991,2019
KEP. BANGKA BELITUNG,Juni,178462,2019
KEP. RIAU,Juni,460205,2019
DKI JAKARTA,Juni,5181301,2019
JAWA BARAT,Juni,17758640,2019
JAWA TENGAH,Juni,11212167,2019
DI YOGYAKARTA,Juni,2259780,2019
JAWA TIMUR,Juni,9120727,2019
BANTEN,Juni,3763715,2019
BALI,Juni,1822787,2019
NUSA TENGGARA BARAT,Juni,905622,2019
NUSA TENGGARA TIMUR,Juni,800071,2019
KALIMANTAN BARAT,Juni,965873,2019
KALIMANTAN TENGAH,Juni,578068,2019
KALIMANTAN SELATAN,Juni,995857,2019
KALIMANTAN TIMUR,Juni,999931,2019
KALIMANTAN UTARA,Juni,143427,2019
SULAWESI UTARA,Juni,325311,2019
SULAWESI TENGAH,Juni,380756,2019
SULAWESI SELATAN,Juni,2395339,2019
SULAWESI TENGGARA,Juni,621228,2019
GORONTALO,Juni,163192,2019
SULAWESI BARAT,Juni,221961,2019
MALUKU,Juni,224863,2019
MALUKU UTARA,Juni,119683,2019
PAPUA BARAT,Juni,172118,2019
PAPUA,Juni,240501,2019
ACEH,Juli,1323272,2019
SUMATERA UTARA,Juli,3996409,2019
SUMATERA BARAT,Juli,1719018,2019
RIAU,Juli,1646721,2019
JAMBI,Juli,498688,2019
SUMATERA SELATAN,Juli,848202,2019
BENGKULU,Juli,292552,2019
LAMPUNG,Juli,992730,2019
KEP. BANGKA BELITUNG,Juli,148190,2019
KEP. RIAU,Juli,413445,2019
DKI JAKARTA,Juli,5727689,2019
JAWA BARAT,Juli,12666376,2019
JAWA TENGAH,Juli,7224219,2019
DI YOGYAKARTA,Juli,2001306,2019
JAWA TIMUR,Juli,4493144,2019
BANTEN,Juli,3571783,2019
BALI,Juli,1682553,2019
NUSA TENGGARA BARAT,Juli,768494,2019
NUSA TENGGARA TIMUR,Juli,761909,2019
KALIMANTAN BARAT,Juli,737058,2019
KALIMANTAN TENGAH,Juli,495108,2019
KALIMANTAN SELATAN,Juli,781045,2019
KALIMANTAN TIMUR,Juli,845422,2019
KALIMANTAN UTARA,Juli,129237,2019
SULAWESI UTARA,Juli,336575,2019
SULAWESI TENGAH,Juli,323650,2019
SULAWESI SELATAN,Juli,1917506,2019
SULAWESI TENGGARA,Juli,487514,2019
GORONTALO,Juli,123297,2019
SULAWESI BARAT,Juli,173239,2019
MALUKU,Juli,111095,2019
MALUKU UTARA,Juli,102619,2019
PAPUA BARAT,Juli,164784,2019
PAPUA,Juli,234623,2019
ACEH,Agustus,1508073,2019
SUMATERA UTARA,Agustus,3699782,2019
SUMATERA BARAT,Agustus,1207708,2019
RIAU,Agustus,1227426,2019
JAMBI,Agustus,620967,2019
SUMATERA SELATAN,Agustus,1265112,2019
BENGKULU,Agustus,353997,2019
LAMPUNG,Agustus,1422192,2019
KEP. BANGKA BELITUNG,Agustus,182592,2019
KEP. RIAU,Agustus,286867,2019
DKI JAKARTA,Agustus,5927808,2019
JAWA BARAT,Agustus,13851900,2019
JAWA TENGAH,Agustus,8383154,2019
DI YOGYAKARTA,Agustus,1852091,2019
JAWA TIMUR,Agustus,7666096,2019
BANTEN,Agustus,3972592,2019
BALI,Agustus,1618973,2019
NUSA TENGGARA BARAT,Agustus,752154,2019
NUSA TENGGARA TIMUR,Agustus,643008,2019
KALIMANTAN BARAT,Agustus,750991,2019
KALIMANTAN TENGAH,Agustus,490930,2019
KALIMANTAN SELATAN,Agustus,807828,2019
KALIMANTAN TIMUR,Agustus,845716,2019
KALIMANTAN UTARA,Agustus,128417,2019
SULAWESI UTARA,Agustus,305167,2019
SULAWESI TENGAH,Agustus,506559,2019
SULAWESI SELATAN,Agustus,2516211,2019
SULAWESI TENGGARA,Agustus,532628,2019
GORONTALO,Agustus,131352,2019
SULAWESI BARAT,Agustus,262037,2019
MALUKU,Agustus,104002,2019
MALUKU UTARA,Agustus,99582,2019
PAPUA BARAT,Agustus,158220,2019
PAPUA,Agustus,224909,2019
ACEH,September,1174513,2019
SUMATERA UTARA,September,3208776,2019
SUMATERA BARAT,September,1011691,2019
RIAU,September,1018291,2019
JAMBI,September,580974,2019
SUMATERA SELATAN,September,1121514,2019
BENGKULU,September,347174,2019
LAMPUNG,September,1191629,2019
KEP. BANGKA BELITUNG,September,171412,2019
KEP. RIAU,September,244300,2019
DKI JAKARTA,September,5562321,2019
JAWA BARAT,September,11808826,2019
JAWA TENGAH,September,5921102,2019
DI YOGYAKARTA,September,1510369,2019
JAWA TIMUR,September,7960768,2019
BANTEN,September,3532654,2019
BALI,September,1445303,2019
NUSA TENGGARA BARAT,September,691694,2019
NUSA TENGGARA TIMUR,September,323446,2019
KALIMANTAN BARAT,September,611793,2019
KALIMANTAN TENGAH,September,468770,2019
KALIMANTAN SELATAN,September,685513,2019
KALIMANTAN TIMUR,September,747355,2019
KALIMANTAN UTARA,September,112758,2019
SULAWESI UTARA,September,267290,2019
SULAWESI TENGAH,September,404438,2019
SULAWESI SELATAN,September,2106120,2019
SULAWESI TENGGARA,September,439248,2019
GORONTALO,September,106151,2019
SULAWESI BARAT,September,204889,2019
MALUKU,September,91767,2019
MALUKU UTARA,September,85337,2019
PAPUA BARAT,September,73498,2019
PAPUA,September,174820,2019
ACEH,Oktober,1219323,2019
SUMATERA UTARA,Oktober,3419415,2019
SUMATERA BARAT,Oktober,1094813,2019
RIAU,Oktober,1131194,2019
JAMBI,Oktober,533651,2019
SUMATERA SELATAN,Oktober,1276480,2019
BENGKULU,Oktober,342352,2019
LAMPUNG,Oktober,1269517,2019
KEP. BANGKA BELITUNG,Oktober,195073,2019
KEP. RIAU,Oktober,274522,2019
DKI JAKARTA,Oktober,6491736,2019
JAWA BARAT,Oktober,13129658,2019
JAWA TENGAH,Oktober,6370710,2019
DI YOGYAKARTA,Oktober,1684368,2019
JAWA TIMUR,Oktober,9665026,2019
BANTEN,Oktober,4205610,2019
BALI,Oktober,1627142,2019
NUSA TENGGARA BARAT,Oktober,745786,2019
NUSA TENGGARA TIMUR,Oktober,365828,2019
KALIMANTAN BARAT,Oktober,644920,2019
KALIMANTAN TENGAH,Oktober,455242,2019
KALIMANTAN SELATAN,Oktober,718103,2019
KALIMANTAN TIMUR,Oktober,817926,2019
KALIMANTAN UTARA,Oktober,120089,2019
SULAWESI UTARA,Oktober,307207,2019
SULAWESI TENGAH,Oktober,469816,2019
SULAWESI SELATAN,Oktober,2341121,2019
SULAWESI TENGGARA,Oktober,303878,2019
GORONTALO,Oktober,139035,2019
SULAWESI BARAT,Oktober,242300,2019
MALUKU,Oktober,96055,2019
MALUKU UTARA,Oktober,177456,2019
PAPUA BARAT,Oktober,93397,2019
PAPUA,Oktober,204906,2019
ACEH,November,1198958,2019
SUMATERA UTARA,November,3416228,2019
SUMATERA BARAT,November,1078273,2019
RIAU,November,1119316,2019
JAMBI,November,526013,2019
SUMATERA SELATAN,November,1168308,2019
BENGKULU,November,340572,2019
LAMPUNG,November,1276815,2019
KEP. BANGKA BELITUNG,November,198154,2019
KEP. RIAU,November,287732,2019
DKI JAKARTA,November,6602925,2019
JAWA BARAT,November,13649852,2019
JAWA TENGAH,November,5998022,2019
DI YOGYAKARTA,November,1704053,2019
JAWA TIMUR,November,9788588,2019
BANTEN,November,4339169,2019
BALI,November,1618206,2019
NUSA TENGGARA BARAT,November,742083,2019
NUSA TENGGARA TIMUR,November,354781,2019
KALIMANTAN BARAT,November,647391,2019
KALIMANTAN TENGAH,November,467380,2019
KALIMANTAN SELATAN,November,763093,2019
KALIMANTAN TIMUR,November,799348,2019
KALIMANTAN UTARA,November,121255,2019
SULAWESI UTARA,November,286146,2019
SULAWESI TENGAH,November,494853,2019
SULAWESI SELATAN,November,2345045,2019
SULAWESI TENGGARA,November,300770,2019
GORONTALO,November,120291,2019
SULAWESI BARAT,November,236861,2019
MALUKU,November,97869,2019
MALUKU UTARA,November,163370,2019
PAPUA BARAT,November,94620,2019
PAPUA,November,212794,2019
ACEH,Desember,1597524,2019
SUMATERA UTARA,Desember,5440703,2019
SUMATERA BARAT,Desember,2292513,2019
RIAU,Desember,2087900,2019
JAMBI,Desember,702943,2019
SUMATERA SELATAN,Desember,1575018,2019
BENGKULU,Desember,412683,2019
LAMPUNG,Desember,1871463,2019
KEP. BANGKA BELITUNG,Desember,239683,2019
KEP. RIAU,Desember,448736,2019
DKI JAKARTA,Desember,5290943,2019
JAWA BARAT,Desember,14443528,2019
JAWA TENGAH,Desember,8363789,2019
DI YOGYAKARTA,Desember,1836652,2019
JAWA TIMUR,Desember,8254457,2019
BANTEN,Desember,3633256,2019
BALI,Desember,1571722,2019
NUSA TENGGARA BARAT,Desember,773833,2019
NUSA TENGGARA TIMUR,Desember,768865,2019
KALIMANTAN BARAT,Desember,919685,2019
KALIMANTAN TENGAH,Desember,583207,2019
KALIMANTAN SELATAN,Desember,899515,2019
KALIMANTAN TIMUR,Desember,991646,2019
KALIMANTAN UTARA,Desember,144538,2019
SULAWESI UTARA,Desember,293133,2019
SULAWESI TENGAH,Desember,418240,2019
SULAWESI SELATAN,Desember,2230009,2019
SULAWESI TENGGARA,Desember,580664,2019
GORONTALO,Desember,127908,2019
SULAWESI BARAT,Desember,210792,2019
MALUKU,Desember,243228,2019
MALUKU UTARA,Desember,124114,2019
PAPUA BARAT,Desember,180580,2019
PAPUA,Desember,280181,2019
